﻿<?xml version="1.0" encoding="utf-8"?>
<Archive>
  <Name>TaBTaeOverlay.Android</Name>
  <PackageName>com.companyname.tabtaeoverlay</PackageName>
  <PackageVersionCode>1</PackageVersionCode>
  <PackageVersionName>1.0</PackageVersionName>
  <PackageFormat>apk</PackageFormat>
  <CreationDate>638657819181012903</CreationDate>
  <SolutionName>TaBTaeOverlay</SolutionName>
  <SolutionPath>F:\Tabtae\aPPPPP\TaBTaeOverlay\TaBTaeOverlay.sln</SolutionPath>
  <Status></Status>
  <Configuration>
    <DebugMode>false</DebugMode>
  </Configuration>
</Archive>